{
    "n_estimators": 740,
    "learning_rate": 0.03887104113303092,
    "max_depth": 4,
    "min_child_weight": 2,
    "gamma": 0.0075110709849699865,
    "reg_alpha": 1.7788713363754776,
    "reg_lambda": 0.024914619948148014,
    "subsample": 0.660177929764001,
    "colsample_bytree": 0.9262664588902263
}