{
    "n_estimators": 409,
    "learning_rate": 0.04303454898730122,
    "max_depth": 13,
    "min_child_weight": 10,
    "gamma": 0.008263731487506476,
    "reg_alpha": 0.08267840022331176,
    "reg_lambda": 0.004024501395117737,
    "subsample": 0.7886358219188255,
    "colsample_bytree": 0.8381807652063727
}