{
    "n_estimators": 1369,
    "learning_rate": 0.02150918875847171,
    "max_depth": 7,
    "min_child_weight": 5,
    "gamma": 1.3342730923700203,
    "reg_alpha": 0.4212180295310984,
    "reg_lambda": 1.2618809060478595,
    "subsample": 0.9294825243957562,
    "colsample_bytree": 0.7897022795064867
}