{
    "n_estimators": 1113,
    "learning_rate": 0.07510231352690135,
    "max_depth": 4,
    "min_child_weight": 7,
    "gamma": 0.0034279650666254845,
    "reg_alpha": 1.8863322563933784,
    "reg_lambda": 0.6423909434950223,
    "subsample": 0.7518947266700299,
    "colsample_bytree": 0.8520690427602549
}