{
    "n_estimators": 1142,
    "learning_rate": 0.0103996853532653,
    "max_depth": 11,
    "min_child_weight": 2,
    "gamma": 0.060715696051840906,
    "reg_alpha": 2.1637628853355957,
    "reg_lambda": 0.8137914444549483,
    "subsample": 0.6480032634255093,
    "colsample_bytree": 0.9095046438791202
}