{
    "n_estimators": 986,
    "learning_rate": 0.025254148402036707,
    "max_depth": 6,
    "min_child_weight": 5,
    "gamma": 0.7469046051511374,
    "reg_alpha": 3.103560336213422,
    "reg_lambda": 0.04412665978470143,
    "subsample": 0.7913230925955044,
    "colsample_bytree": 0.926165689430549
}