{
    "n_estimators": 714,
    "learning_rate": 0.014024764426503303,
    "max_depth": 16,
    "min_child_weight": 3,
    "gamma": 0.0002678988568274865,
    "reg_alpha": 0.0012138695158967325,
    "reg_lambda": 0.021703613858353902,
    "subsample": 0.9006943387997323,
    "colsample_bytree": 0.8689038684929457
}